username,gender,request time,country,url,bytes
sgather0@princeton.edu,Female,6:24 AM,China,http://tinyurl.com,168
mmyton1@twitter.com,Female,10:01 PM,Brazil,http://miibeian.gov.cn,858
cbischof2@scientificamerican.com,Female,10:58 PM,France,http://dedecms.com,945
rfowkes3@pinterest.com,Male,1:51 PM,China,http://va.gov,836
cancliffe4@usgs.gov,Male,4:21 AM,Palestinian Territory,https://theglobeandmail.com,719
rkiraly5@time.com,Female,2:40 AM,United States,https://foxnews.com,474
hbehnke6@nyu.edu,Male,5:27 AM,Indonesia,https://seattletimes.com,989
trelph7@reference.com,Male,4:07 PM,France,https://europa.eu,645
ayewdale8@independent.co.uk,Female,11:47 PM,China,https://geocities.jp,578
ndufray9@home.pl,Male,1:36 PM,Honduras,http://google.fr,301
dimesena@cocolog-nifty.com,Female,12:44 PM,Mali,https://issuu.com,7
elantiffeb@merriam-webster.com,Female,3:40 AM,Chile,https://phpbb.com,924
jkubuc@nifty.com,Male,4:48 AM,Thailand,https://dailymail.co.uk,614
msommerlyd@mapquest.com,Female,6:03 AM,Sweden,https://nps.gov,752
lallanse@symantec.com,Male,7:09 PM,Russia,http://cpanel.net,145
gdomineyf@github.io,Female,1:31 AM,France,https://biglobe.ne.jp,826
mtimperleyg@tumblr.com,Female,4:20 PM,Albania,http://nature.com,927
llatchmoreh@bizjournals.com,Female,1:33 AM,Yemen,https://nationalgeographic.com,505
jhuntlyi@hubpages.com,Male,3:19 PM,United States,https://slashdot.org,729
lconquerj@tripod.com,Female,8:01 PM,Sweden,https://lulu.com,670
ihollingdalek@berkeley.edu,Female,5:37 AM,Nigeria,http://nsw.gov.au,715
tlaflinl@dell.com,Female,6:55 PM,Portugal,http://myspace.com,386
wmarzellem@sakura.ne.jp,Male,5:07 AM,South Korea,https://marketwatch.com,536
pcanadinen@studiopress.com,Female,12:31 AM,Brazil,http://dedecms.com,703
sbeddardo@census.gov,Male,4:35 AM,Indonesia,https://gizmodo.com,423
jpaddefieldp@vinaora.com,Male,6:40 AM,Philippines,https://cargocollective.com,873
bvyseq@phoca.cz,Female,8:54 PM,Croatia,http://noaa.gov,102
jfittallr@miibeian.gov.cn,Female,8:41 AM,Afghanistan,https://wufoo.com,579
bblazebys@ca.gov,Female,4:32 AM,China,http://apache.org,299
tcalcraftt@amazon.com,Female,12:28 AM,China,https://gov.uk,705
cmacgahyu@163.com,Male,8:42 AM,Israel,http://tumblr.com,777
kkloskav@arstechnica.com,Female,10:25 AM,Indonesia,http://discuz.net,891
cpoylew@surveymonkey.com,Female,2:45 AM,Poland,https://yellowpages.com,362
rburchmorex@1688.com,Female,4:34 AM,China,http://mediafire.com,9
achurchiny@squarespace.com,Female,2:23 AM,China,https://ow.ly,435
ghalfheadz@webeden.co.uk,Female,6:48 AM,Indonesia,https://hp.com,577
ssporner10@ox.ac.uk,Male,5:27 PM,Armenia,https://google.ca,97
cmclese11@noaa.gov,Female,7:45 AM,China,http://unc.edu,798
skobus12@sphinn.com,Male,11:21 AM,Argentina,https://moonfruit.com,611
khundall13@blogs.com,Male,5:31 AM,Ukraine,http://smugmug.com,80
samy14@europa.eu,Male,8:33 AM,Mozambique,https://istockphoto.com,340
fvasyutkin15@dailymotion.com,Female,6:26 PM,China,https://nbcnews.com,844
ggramer16@pagesperso-orange.fr,Male,4:47 AM,Croatia,http://ihg.com,717
snewens17@icio.us,Male,3:27 AM,Latvia,https://imdb.com,975
eboswood18@netscape.com,Female,6:12 AM,France,http://foxnews.com,883
abartrum19@google.fr,Female,7:03 AM,Indonesia,http://microsoft.com,893
mjakeway1a@hexun.com,Male,9:49 PM,Panama,https://hugedomains.com,177
beloy1b@paginegialle.it,Male,12:51 AM,Japan,https://google.ca,302
tabrami1c@xinhuanet.com,Female,8:27 PM,Indonesia,https://auda.org.au,903
ctribell1d@godaddy.com,Male,3:24 PM,Italy,https://amazon.co.uk,867
cgerred1e@networksolutions.com,Female,7:31 PM,Iran,http://aboutads.info,329
tbarr1f@europa.eu,Female,9:11 PM,Philippines,https://prnewswire.com,717
fzanelli1g@google.es,Female,11:32 AM,Czech Republic,https://e-recht24.de,616
dcitrine1h@dion.ne.jp,Female,5:14 PM,China,http://posterous.com,355
rsizzey1i@icio.us,Male,8:55 PM,China,http://indiegogo.com,693
iwhiteland1j@deviantart.com,Male,12:26 PM,Russia,https://woothemes.com,273
cboarder1k@nydailynews.com,Female,2:03 AM,Mexico,http://ow.ly,583
tblackway1l@posterous.com,Female,12:44 AM,Estonia,http://dmoz.org,34
spattle1m@yale.edu,Female,1:20 AM,Saudi Arabia,http://census.gov,417
mhick1n@github.io,Female,7:32 AM,China,https://umn.edu,790
mlamping1o@home.pl,Male,5:03 PM,China,http://digg.com,356
jbarbery1p@diigo.com,Male,2:00 PM,Russia,http://gnu.org,590
cbrydie1q@wired.com,Female,12:32 AM,Swaziland,http://census.gov,7
cdemann1r@sciencedirect.com,Female,8:16 PM,Greece,https://gmpg.org,848
cgoodchild1s@topsy.com,Female,3:31 PM,China,https://weebly.com,847
bsooper1t@dagondesign.com,Male,9:47 AM,Zambia,https://apache.org,131
nbrislawn1u@amazon.co.jp,Female,10:16 AM,China,http://lycos.com,173
ascreas1v@census.gov,Male,2:31 AM,Yemen,http://lulu.com,886
ltootin1w@ucoz.ru,Female,4:29 AM,France,https://theatlantic.com,414
jbutchart1x@weebly.com,Female,5:49 PM,China,https://cnet.com,759
epavie1y@timesonline.co.uk,Female,6:48 PM,France,http://quantcast.com,408
gantowski1z@dailymail.co.uk,Female,2:17 AM,United States,http://e-recht24.de,6
vlabern20@pcworld.com,Male,2:51 PM,Indonesia,https://google.ca,987
mrigge21@slashdot.org,Male,9:50 AM,Philippines,http://pagesperso-orange.fr,310
emcphilemy22@wikispaces.com,Male,4:18 PM,Russia,http://google.ca,417
ibirwhistle23@desdev.cn,Female,8:27 PM,Brazil,https://newyorker.com,241
yedinburough24@flickr.com,Male,8:52 PM,Pakistan,http://typepad.com,732
lvenard25@cocolog-nifty.com,Female,1:03 AM,Canada,https://bravesites.com,949
ainseal26@sourceforge.net,Female,8:40 PM,Russia,https://apache.org,1000
mboddington27@wired.com,Female,1:58 AM,Brazil,http://wordpress.org,359
rparamore28@illinois.edu,Female,10:17 PM,China,https://columbia.edu,613
carnoult29@trellian.com,Female,6:24 PM,United States,http://rakuten.co.jp,106
abotly2a@blogs.com,Male,7:49 PM,Portugal,http://weibo.com,616
bpembry2b@noaa.gov,Male,10:33 AM,Russia,https://ibm.com,397
ainsole2c@dyndns.org,Female,12:43 AM,Macedonia,https://yolasite.com,613
mnewberry2d@shareasale.com,Male,8:07 AM,Russia,https://house.gov,760
gmeasures2e@odnoklassniki.ru,Female,12:02 PM,Indonesia,https://timesonline.co.uk,146
ehaliburn2f@vimeo.com,Male,5:15 AM,Portugal,https://photobucket.com,226
ldislee2g@godaddy.com,Female,2:00 AM,China,https://webeden.co.uk,271
plamberts2h@wufoo.com,Female,10:03 PM,China,http://reverbnation.com,207
jclipston2i@businesswire.com,Female,2:02 AM,Russia,http://shutterfly.com,906
mcabotto2j@lycos.com,Male,12:20 AM,Dominican Republic,http://comcast.net,165
gibbott2k@smugmug.com,Female,9:52 PM,Namibia,http://nih.gov,268
mcashmore2l@wiley.com,Male,8:11 AM,China,https://biblegateway.com,857
bmcmorran2m@illinois.edu,Female,1:59 PM,Indonesia,https://amazon.com,892
lcord2n@cargocollective.com,Female,6:34 AM,Ghana,https://craigslist.org,56
mlamberts2o@hud.gov,Female,9:30 PM,Czech Republic,https://trellian.com,35
ocrown2p@nih.gov,Female,7:29 AM,Poland,http://ihg.com,8
bcottrill2q@ning.com,Male,3:35 PM,Netherlands,http://studiopress.com,792
dflagg2r@sitemeter.com,Female,3:43 PM,Indonesia,https://php.net,148
ekehir2s@google.com,Male,11:20 PM,Saudi Arabia,http://tinypic.com,330
edunwoody2t@fda.gov,Female,4:58 AM,Russia,http://virginia.edu,690
fmaxweell2u@reuters.com,Female,6:00 AM,China,https://addtoany.com,945
bmclugish2v@mac.com,Male,6:33 AM,Canada,http://reference.com,273
mmanuelli2w@pcworld.com,Female,12:35 PM,Indonesia,http://tripadvisor.com,918
hdohmer2x@mashable.com,Female,1:47 AM,Indonesia,https://youtube.com,240
lvoice2y@gmpg.org,Male,1:41 AM,Guatemala,http://comcast.net,45
efeld2z@gravatar.com,Male,8:34 PM,Cuba,https://netlog.com,704
kivison30@state.gov,Male,6:47 AM,Philippines,http://nasa.gov,962
npetcher31@google.fr,Male,2:49 AM,Indonesia,https://columbia.edu,340
stipperton32@google.es,Female,3:05 PM,United States,http://msu.edu,785
wauckland33@salon.com,Female,12:51 PM,Russia,http://issuu.com,876
esichardt34@dedecms.com,Male,3:37 AM,Indonesia,http://over-blog.com,402
ebagnell35@jiathis.com,Female,4:16 AM,China,https://hostgator.com,355
gmarrion36@hostgator.com,Female,10:15 PM,Azerbaijan,http://fotki.com,375
madlington37@sciencedirect.com,Female,7:26 PM,Sweden,http://cam.ac.uk,360
kwitcomb38@ustream.tv,Male,7:20 AM,China,http://altervista.org,481
swarriner39@livejournal.com,Male,9:00 PM,Portugal,https://ted.com,116
brusson3a@example.com,Male,10:54 AM,South Africa,http://gravatar.com,364
jroycraft3b@skyrock.com,Female,11:39 PM,Greece,http://skype.com,227
mculkin3c@sourceforge.net,Male,3:40 AM,Bosnia and Herzegovina,http://facebook.com,805
ldundredge3d@nhs.uk,Male,5:23 AM,Portugal,http://ovh.net,604
bshilleto3e@discovery.com,Female,7:40 AM,China,https://technorati.com,990
wgriggs3f@noaa.gov,Female,4:40 PM,Paraguay,http://reference.com,704
lmott3g@usda.gov,Male,11:41 PM,China,http://dedecms.com,616
tlongdon3h@wufoo.com,Female,10:18 AM,Palestinian Territory,https://webs.com,936
bspellward3i@reverbnation.com,Male,2:59 PM,China,https://ucsd.edu,25
ssilvester3j@fastcompany.com,Female,8:44 AM,Indonesia,https://i2i.jp,819
lgerhts3k@1688.com,Male,8:47 PM,Poland,http://amazonaws.com,846
bmcgurk3l@europa.eu,Female,8:26 AM,Indonesia,https://nifty.com,217
jmerrett3m@businessinsider.com,Female,2:51 AM,Serbia,http://joomla.org,368
jroubert3n@bloglovin.com,Male,2:38 PM,China,http://microsoft.com,967
mwither3o@geocities.jp,Male,7:29 PM,Serbia,http://addthis.com,371
wlamdin3p@cam.ac.uk,Male,2:24 PM,Venezuela,https://cafepress.com,326
moris3q@rediff.com,Female,1:41 AM,China,http://marriott.com,38
omcadam3r@theguardian.com,Male,12:29 PM,Ukraine,http://ed.gov,51
bgarrioch3s@reference.com,Female,1:41 AM,Madagascar,https://nyu.edu,986
awaterhouse3t@dedecms.com,Female,9:02 AM,Philippines,http://sphinn.com,666
tayliffe3u@chronoengine.com,Female,5:40 PM,Canada,http://oakley.com,430
ztoretta3v@npr.org,Male,11:32 PM,Russia,https://yelp.com,643
bmatias3w@wunderground.com,Male,5:05 PM,Japan,https://usa.gov,544
bsorensen3x@jigsy.com,Female,4:56 AM,France,https://slashdot.org,485
ematuschek3y@skyrock.com,Female,11:42 PM,Poland,https://hc360.com,816
dwixey3z@npr.org,Male,9:05 PM,Indonesia,http://macromedia.com,371
atapley40@samsung.com,Male,2:35 AM,China,https://dedecms.com,234
sgianolo41@nature.com,Male,10:39 PM,Venezuela,https://cocolog-nifty.com,476
mbroxap42@odnoklassniki.ru,Male,11:49 PM,China,https://xrea.com,787
creinisch43@amazon.de,Male,2:33 PM,Colombia,https://barnesandnoble.com,593
bgolledge44@xinhuanet.com,Male,4:32 PM,Comoros,http://shutterfly.com,338
mmatevosian45@theguardian.com,Female,12:21 AM,China,http://springer.com,581
dstannah46@gravatar.com,Male,7:36 AM,Mongolia,http://home.pl,858
acressey47@cdbaby.com,Female,2:54 AM,Greece,http://businessweek.com,66
hwilshire48@reverbnation.com,Male,12:04 AM,Macedonia,https://mtv.com,357
dmccaull49@google.com,Female,5:56 AM,China,http://ihg.com,416
sdargavel4a@ucoz.ru,Female,12:05 PM,Sweden,https://mysql.com,991
poubridge4b@ameblo.jp,Male,6:21 PM,France,https://sphinn.com,380
corto4c@goo.ne.jp,Female,11:32 AM,Macedonia,http://japanpost.jp,137
iswaden4d@smugmug.com,Female,6:17 AM,Indonesia,http://netscape.com,114
btheaker4e@microsoft.com,Female,7:37 AM,Russia,https://google.de,903
bjorgensen4f@theguardian.com,Male,10:11 AM,Indonesia,https://netvibes.com,145
mbudcock4g@cyberchimps.com,Female,11:52 AM,Russia,http://narod.ru,171
wfyall4h@miitbeian.gov.cn,Male,4:53 AM,Sweden,http://foxnews.com,525
amelwall4i@wufoo.com,Female,5:36 AM,China,http://networkadvertising.org,533
kskeffington4j@craigslist.org,Male,12:27 PM,North Korea,https://ucsd.edu,861
mmcclintock4k@fema.gov,Male,1:22 AM,Philippines,https://princeton.edu,650
mflanders4l@google.ca,Male,6:05 AM,Russia,http://gizmodo.com,834
gbanishevitz4m@jalbum.net,Male,10:40 PM,Nigeria,http://walmart.com,639
mkinton4n@miitbeian.gov.cn,Male,9:47 PM,China,http://usda.gov,348
mcolebourne4o@mapy.cz,Female,4:14 PM,Chad,https://stanford.edu,764
aperkins4p@ucoz.com,Male,7:35 AM,Indonesia,https://newyorker.com,734
dmulmuray4q@ebay.com,Female,3:39 AM,Peru,http://craigslist.org,886
jelders4r@over-blog.com,Female,12:03 AM,Poland,https://themeforest.net,487
pbricket4s@yellowbook.com,Male,3:58 AM,China,http://usda.gov,949
caskaw4t@wunderground.com,Female,8:47 PM,China,http://sciencedaily.com,97
tstarking4u@nytimes.com,Female,10:43 PM,Indonesia,http://amazon.de,981
acaris4v@theguardian.com,Male,12:43 PM,Indonesia,https://yellowpages.com,715
glamplugh4w@slideshare.net,Male,7:56 AM,Belarus,https://bbb.org,372
tfritschel4x@engadget.com,Male,4:25 PM,Brazil,http://shareasale.com,826
sklagges4y@people.com.cn,Female,6:26 PM,Czech Republic,http://360.cn,505
ndumbrill4z@squidoo.com,Female,1:48 AM,Russia,https://mlb.com,373
msnelgar50@github.io,Female,8:08 AM,Portugal,http://who.int,261
dslite51@reference.com,Female,10:31 PM,Dominican Republic,http://spotify.com,528
zsheppard52@theatlantic.com,Male,4:23 AM,China,http://nymag.com,811
ischurig53@unc.edu,Female,6:37 AM,Russia,https://nydailynews.com,712
bbonniface54@qq.com,Female,8:37 PM,China,https://bluehost.com,559
tcoote55@blogs.com,Female,2:24 PM,Peru,http://ed.gov,11
rfasham56@clickbank.net,Male,4:31 PM,Tunisia,https://cbsnews.com,592
jbudcock57@house.gov,Male,3:25 AM,Poland,http://dagondesign.com,21
gcocking58@canalblog.com,Female,10:01 PM,Sweden,http://ycombinator.com,153
bredford59@hp.com,Female,4:18 PM,Colombia,https://nhs.uk,426
jbolletti5a@skype.com,Male,3:16 AM,United States,http://drupal.org,381
sbrennon5b@europa.eu,Female,4:29 AM,Czech Republic,https://un.org,55
vsmelley5c@godaddy.com,Female,3:39 AM,Finland,https://time.com,405
lstrudwick5d@xinhuanet.com,Female,7:16 PM,Philippines,https://imageshack.us,48
ccradey5e@comcast.net,Female,3:18 PM,Moldova,https://about.me,175
vjeduch5f@google.com.au,Female,2:23 AM,Niger,http://slideshare.net,796
tninnotti5g@tumblr.com,Male,5:25 PM,Indonesia,https://yellowpages.com,279
sbrownfield5h@slashdot.org,Male,12:13 AM,Brazil,https://unicef.org,262
torteaux5i@rediff.com,Male,4:39 PM,China,http://toplist.cz,519
drisom5j@vkontakte.ru,Female,9:21 PM,Trinidad and Tobago,https://feedburner.com,128
nyoungs5k@nature.com,Female,1:05 PM,Russia,http://yellowbook.com,423
msex5l@usa.gov,Female,1:35 PM,Cameroon,https://phoca.cz,137
breder5m@twitter.com,Male,11:44 AM,China,http://goo.ne.jp,841
aivison5n@mayoclinic.com,Male,2:09 PM,Latvia,http://disqus.com,722
nbetho5o@globo.com,Male,10:02 PM,Croatia,https://youtube.com,687
mmatterface5p@fc2.com,Female,6:46 PM,Colombia,http://bloglines.com,236
kliddle5q@cdbaby.com,Female,11:19 PM,China,https://liveinternet.ru,120
adolman5r@archive.org,Female,3:18 PM,Philippines,http://google.de,604
hbluschke5s@hatena.ne.jp,Male,3:39 AM,France,http://mozilla.com,265
cerbain5t@illinois.edu,Male,6:51 PM,Sweden,https://yahoo.com,486
npaprotny5u@mit.edu,Male,3:24 PM,Mexico,https://state.tx.us,340
damdohr5v@sun.com,Female,5:14 PM,Peru,https://google.com.au,66
omancktelow5w@yandex.ru,Male,7:22 PM,Argentina,http://artisteer.com,551
kpostans5x@photobucket.com,Female,7:33 PM,Philippines,https://tinypic.com,58
cfante5y@hao123.com,Female,6:20 PM,Sudan,https://wiley.com,413
sskillitt5z@ifeng.com,Male,7:38 PM,Indonesia,https://prlog.org,13
wdenziloe60@intel.com,Male,4:00 PM,China,http://cdc.gov,941
dturvie61@merriam-webster.com,Female,8:22 PM,Indonesia,http://geocities.jp,531
dbryde62@soundcloud.com,Female,5:02 AM,United Arab Emirates,http://webnode.com,832
lmains63@wordpress.org,Male,5:34 PM,Russia,https://independent.co.uk,801
irunciman64@jugem.jp,Female,8:16 PM,Nigeria,https://virginia.edu,461
etruitt65@google.co.uk,Male,3:12 AM,China,http://mysql.com,651
amurray66@paginegialle.it,Female,1:32 AM,China,https://nih.gov,1000
ecurrington67@go.com,Male,6:25 PM,Portugal,https://accuweather.com,380
bspanton68@yale.edu,Female,7:24 AM,China,http://kickstarter.com,738
ybogue69@mashable.com,Male,8:09 AM,Brazil,https://google.co.jp,418
dvarian6a@netlog.com,Female,1:15 AM,China,https://huffingtonpost.com,613
edodds6b@washington.edu,Female,9:36 PM,China,https://goodreads.com,971
hcollabine6c@hc360.com,Male,9:41 AM,Denmark,https://skype.com,242
lmonkton6d@soundcloud.com,Female,6:52 AM,Myanmar,https://columbia.edu,888
vwimsett6e@issuu.com,Female,9:54 PM,Tanzania,http://yandex.ru,586
fsego6f@linkedin.com,Female,11:29 PM,Indonesia,https://bbb.org,917
lfull6g@taobao.com,Male,2:00 PM,Poland,https://nydailynews.com,213
rmcritchie6h@list-manage.com,Male,11:25 AM,Canada,http://sfgate.com,601
ggrennan6i@youtu.be,Female,11:00 PM,Russia,http://hatena.ne.jp,374
cwoolfoot6j@addtoany.com,Female,10:00 AM,Finland,https://amazon.com,854
dkainz6k@vk.com,Female,3:20 AM,Brazil,http://wiley.com,47
atringham6l@nationalgeographic.com,Female,1:23 PM,Thailand,http://telegraph.co.uk,133
khearnah6m@friendfeed.com,Male,10:04 AM,China,http://skype.com,126
ypiccard6n@squarespace.com,Male,9:30 PM,Sweden,https://berkeley.edu,51
cburman6o@angelfire.com,Male,7:19 PM,Mexico,https://indiegogo.com,486
lfalkus6p@wikipedia.org,Male,12:59 AM,Canada,https://vkontakte.ru,222
tpollington6q@tamu.edu,Male,6:19 AM,Indonesia,http://feedburner.com,897
chuton6r@prweb.com,Male,5:13 AM,Panama,https://unc.edu,728
mwroughton6s@cornell.edu,Female,4:19 AM,Tanzania,http://clickbank.net,838
elowsely6t@yellowbook.com,Male,2:42 AM,Cuba,http://shareasale.com,575
dmatkovic6u@businessinsider.com,Male,12:02 PM,Indonesia,http://blogspot.com,582
tseth6v@springer.com,Female,10:08 AM,Colombia,http://ustream.tv,725
vrenachowski6w@chicagotribune.com,Male,7:32 PM,China,https://ebay.com,151
cdare6x@soup.io,Female,6:43 PM,Sweden,https://cloudflare.com,638
drisebarer6y@topsy.com,Female,10:36 AM,Armenia,http://biglobe.ne.jp,157
zmcneachtain6z@mashable.com,Male,5:22 PM,Malaysia,https://edublogs.org,639
ecarah70@topsy.com,Male,4:42 PM,United States,https://noaa.gov,307
shise71@soundcloud.com,Male,5:25 PM,Nigeria,https://360.cn,127
eshoebrook72@fema.gov,Male,12:20 PM,Indonesia,https://forbes.com,862
nboothebie73@mlb.com,Male,4:48 AM,Denmark,http://tumblr.com,32
lbleyman74@ucla.edu,Male,12:04 AM,Argentina,http://nytimes.com,345
eswitsur75@studiopress.com,Male,4:53 PM,Japan,http://yandex.ru,66
jemma76@boston.com,Male,4:28 PM,China,https://zdnet.com,313
mskoof77@rambler.ru,Female,12:15 AM,Brazil,https://about.com,197
fwaker78@sun.com,Female,8:33 AM,Czech Republic,http://blinklist.com,281
jbertolaccini79@businesswire.com,Male,9:36 PM,United States,https://un.org,50
bgullane7a@columbia.edu,Male,5:10 AM,Iran,https://wikipedia.org,45
bbenbow7b@toplist.cz,Female,10:44 AM,Zambia,http://yolasite.com,417
okhosa7c@epa.gov,Female,3:52 PM,China,http://army.mil,764
spelos7d@cocolog-nifty.com,Male,4:36 PM,Japan,http://chron.com,956
cgibby7e@canalblog.com,Female,2:33 PM,Sweden,https://last.fm,749
wskelhorn7f@ow.ly,Female,8:23 AM,Canada,https://artisteer.com,986
vnerval7g@wikipedia.org,Female,1:25 AM,China,https://blogger.com,483
iswarbrick7h@samsung.com,Female,12:17 PM,Indonesia,http://dmoz.org,458
jschuck7i@123-reg.co.uk,Male,7:02 PM,China,http://unc.edu,734
hpavie7j@adobe.com,Male,8:10 PM,China,http://dell.com,304
hfitzackerley7k@topsy.com,Female,9:42 PM,Portugal,https://timesonline.co.uk,530
abuntin7l@unesco.org,Male,12:59 AM,France,http://army.mil,142
csemmens7m@cnbc.com,Female,1:08 AM,Russia,http://chicagotribune.com,146
tdagnan7n@ameblo.jp,Female,1:24 PM,Russia,http://deliciousdays.com,720
wcastagnet7o@booking.com,Male,11:29 PM,China,http://csmonitor.com,684
asainter7p@soup.io,Female,2:48 AM,South Sudan,https://upenn.edu,319
bsloey7q@disqus.com,Female,10:49 AM,Indonesia,http://wp.com,281
lyeulet7r@hatena.ne.jp,Male,9:39 PM,Brazil,https://tiny.cc,876
tmelesk7s@rakuten.co.jp,Female,6:58 PM,Belarus,http://skyrock.com,349
rcottrill7t@google.nl,Male,6:55 AM,Portugal,https://deviantart.com,556
kcanape7u@slate.com,Male,10:32 AM,Peru,http://usda.gov,532
bmerigot7v@twitter.com,Female,2:05 PM,Ethiopia,http://parallels.com,643
sdangerfield7w@hp.com,Female,2:39 PM,Mongolia,http://ow.ly,10
teva7x@prweb.com,Female,5:08 PM,France,http://about.me,124
kfricke7y@networkadvertising.org,Male,2:06 AM,China,https://amazon.co.jp,282
wsabban7z@zimbio.com,Female,7:40 PM,Afghanistan,http://paginegialle.it,145
dpeery80@illinois.edu,Male,4:29 PM,Philippines,http://multiply.com,939
tconnaughton81@abc.net.au,Female,8:11 AM,Macedonia,http://about.me,267
abowgen82@salon.com,Female,11:45 AM,China,https://nhs.uk,751
abraund83@go.com,Male,11:11 PM,China,http://xing.com,912
cbenedek84@sun.com,Female,11:02 PM,Sweden,https://google.com.hk,475
mdunrige85@vistaprint.com,Female,7:51 AM,Russia,https://wikimedia.org,692
kgockelen86@jigsy.com,Female,9:05 AM,United States,https://comcast.net,740
nmanifould87@networkadvertising.org,Female,7:21 AM,France,https://qq.com,115
mgarley88@nba.com,Male,3:45 PM,China,https://gnu.org,527
rmenendes89@addtoany.com,Male,2:22 PM,Syria,https://ucla.edu,27
arimmington8a@ovh.net,Male,4:43 PM,Russia,http://skyrock.com,333
ekuhn8b@japanpost.jp,Male,11:21 AM,South Korea,https://dmoz.org,951
brabbe8c@purevolume.com,Female,11:16 PM,Russia,http://zimbio.com,514
mshilburne8d@europa.eu,Female,2:04 PM,China,https://blogger.com,359
cklima8e@nih.gov,Female,9:00 PM,Indonesia,https://psu.edu,536
sburner8f@aboutads.info,Male,8:54 AM,Poland,https://delicious.com,52
sdaber8g@webmd.com,Male,12:59 PM,Colombia,http://i2i.jp,211
apalister8h@statcounter.com,Male,6:41 AM,Slovenia,http://unicef.org,266
bdinan8i@google.com.br,Male,1:08 AM,Sweden,https://fema.gov,117
jioselev8j@disqus.com,Male,8:41 AM,Croatia,http://noaa.gov,330
bwaby8k@csmonitor.com,Female,5:12 AM,Indonesia,https://ed.gov,353
gmccartney8l@zimbio.com,Male,11:06 PM,China,http://indiatimes.com,498
arittelmeyer8m@qq.com,Female,9:02 PM,Greece,http://themeforest.net,682
kharriskine8n@tinypic.com,Male,6:35 AM,Thailand,http://imgur.com,18
jwoolward8o@homestead.com,Male,8:34 AM,Lithuania,https://yellowbook.com,420
wdelhanty8p@123-reg.co.uk,Male,7:33 PM,China,http://istockphoto.com,198
ccosins8q@youtu.be,Female,8:23 PM,United States,https://soundcloud.com,921
dbeslier8r@acquirethisname.com,Male,1:18 PM,Armenia,https://si.edu,880
wallardyce8s@livejournal.com,Male,4:49 PM,China,https://spiegel.de,440
lmumm8t@skyrock.com,Male,9:30 AM,Brazil,https://spiegel.de,889
jduigenan8u@go.com,Male,7:34 PM,China,https://parallels.com,632
bcarrel8v@amazon.co.jp,Female,4:33 PM,Sweden,http://meetup.com,216
rpiller8w@purevolume.com,Female,4:40 PM,Portugal,http://dailymail.co.uk,811
gandrez8x@xing.com,Male,12:43 PM,Russia,http://goodreads.com,832
sseiller8y@discuz.net,Male,7:00 PM,Ivory Coast,https://naver.com,22
rkefford8z@g.co,Female,5:43 PM,China,https://google.nl,770
kpetticrew90@stumbleupon.com,Female,9:05 PM,China,http://edublogs.org,204
fparlett91@abc.net.au,Female,1:26 PM,China,http://digg.com,252
umortel92@unicef.org,Female,2:44 AM,Brazil,https://oaic.gov.au,882
lmarklew93@nasa.gov,Female,5:05 AM,Poland,https://stanford.edu,294
pcorden94@twitpic.com,Male,9:54 PM,Canada,http://pcworld.com,444
sdashwood95@github.com,Female,3:22 AM,Japan,http://jalbum.net,876
dfritchley96@ucsd.edu,Male,11:02 PM,Indonesia,http://state.tx.us,274
cfoggarty97@delicious.com,Female,8:34 AM,China,http://taobao.com,720
kbathow98@technorati.com,Male,3:28 PM,Brazil,http://time.com,363
dflynn99@narod.ru,Male,12:53 PM,Madagascar,http://over-blog.com,664
lalyokhin9a@elegantthemes.com,Male,8:31 PM,United States,https://photobucket.com,89
crowles9b@loc.gov,Male,11:03 PM,China,https://pcworld.com,525
dcheater9c@odnoklassniki.ru,Male,3:51 PM,China,https://dedecms.com,292
fbirdwhistle9d@cyberchimps.com,Male,6:38 PM,Czech Republic,https://google.com.au,117
eframmingham9e@github.com,Male,6:06 PM,Brazil,http://accuweather.com,175
danstiss9f@nydailynews.com,Male,5:22 PM,United States,https://blinklist.com,298
cmillis9g@example.com,Male,12:38 AM,Sweden,http://delicious.com,493
mspedroni9h@hostgator.com,Male,3:37 PM,Thailand,http://telegraph.co.uk,369
sbeetham9i@technorati.com,Male,9:00 AM,Indonesia,http://ucla.edu,222
iwalsh9j@github.io,Female,2:28 PM,Moldova,https://seesaa.net,247
tangrove9k@topsy.com,Female,7:50 AM,Luxembourg,http://w3.org,869
mtroillet9l@mysql.com,Male,10:35 PM,China,https://youtube.com,783
ibullivant9m@google.com,Male,2:56 AM,Brazil,https://quantcast.com,853
wjamary9n@hatena.ne.jp,Female,10:52 PM,Netherlands,http://craigslist.org,10
boflaverty9o@163.com,Female,8:05 AM,Portugal,http://mail.ru,922
aslimon9p@shareasale.com,Male,4:23 AM,Russia,http://hatena.ne.jp,827
mdupoy9q@bravesites.com,Female,5:02 AM,Pakistan,https://123-reg.co.uk,873
dspackman9r@cnn.com,Male,9:17 AM,China,http://topsy.com,319
baddekin9s@unblog.fr,Female,8:17 AM,United States,https://ucla.edu,35
ehakonsson9t@skyrock.com,Female,1:08 AM,China,https://canalblog.com,373
ytenney9u@wix.com,Female,4:42 AM,Kenya,https://upenn.edu,534
bbody9v@arizona.edu,Female,7:37 PM,Portugal,http://google.co.uk,464
uspillett9w@livejournal.com,Male,7:05 AM,Democratic Republic of the Congo,https://google.com.br,787
llayman9x@nbcnews.com,Male,10:20 PM,Bangladesh,http://infoseek.co.jp,356
cnorwell9y@canalblog.com,Male,8:11 PM,China,https://google.com,202
ayerborn9z@bravesites.com,Male,8:11 AM,China,https://slate.com,442
rsizelanda0@eventbrite.com,Male,1:37 AM,United States,https://yahoo.com,751
tlarkkema1@sakura.ne.jp,Male,5:22 AM,Russia,https://bravesites.com,738
bworkesa2@myspace.com,Male,2:17 PM,China,http://4shared.com,91
ilortzinga3@examiner.com,Male,11:02 AM,Sierra Leone,https://hugedomains.com,503
anequesta4@google.com,Male,8:10 AM,Poland,https://moonfruit.com,715
seatesa5@imdb.com,Male,9:18 AM,Finland,https://stanford.edu,192
dheggea6@rediff.com,Male,9:49 AM,China,https://slashdot.org,685
sdodwella7@linkedin.com,Male,8:39 PM,France,https://fotki.com,716
fcasterota8@mtv.com,Female,11:49 PM,South Korea,https://friendfeed.com,654
gslingsbya9@xinhuanet.com,Female,8:40 AM,Indonesia,http://vinaora.com,72
kbernasekaa@deliciousdays.com,Female,9:53 PM,Brazil,http://washington.edu,903
agabbatissab@usa.gov,Female,1:04 AM,China,http://amazon.co.jp,603
hgalpenac@e-recht24.de,Male,8:43 AM,China,https://nydailynews.com,912
nbattabeead@craigslist.org,Female,6:16 PM,Philippines,http://qq.com,442
cisonae@patch.com,Female,4:46 AM,Guatemala,http://google.pl,339
cbingaf@hostgator.com,Male,12:54 PM,Colombia,https://chicagotribune.com,747
jhirsthouseag@prnewswire.com,Male,2:36 AM,Mongolia,https://hp.com,26
acraiseah@imageshack.us,Female,5:25 PM,Ukraine,https://indiatimes.com,577
bdamatoai@yellowpages.com,Male,9:39 AM,China,https://github.com,899
hmcatamneyaj@lulu.com,Male,1:30 PM,Brazil,https://mysql.com,109
doreaganak@state.gov,Male,5:54 PM,China,http://msn.com,30
gguarinal@cafepress.com,Female,9:39 PM,Ireland,http://sourceforge.net,209
amoulsdaleam@huffingtonpost.com,Male,2:17 PM,Indonesia,https://vk.com,918
afallsan@ed.gov,Male,6:41 PM,Russia,http://tuttocitta.it,46
beacleao@google.ru,Male,3:37 AM,Saint Lucia,https://bbc.co.uk,835
ltapnerap@tamu.edu,Female,4:38 AM,Indonesia,http://webeden.co.uk,466
tfarrahaq@microsoft.com,Male,11:06 PM,China,http://diigo.com,231
cbaeldear@usda.gov,Female,5:58 AM,China,https://bravesites.com,112
vhucklebyas@ifeng.com,Female,12:28 PM,Portugal,https://gmpg.org,36
iginmanat@ehow.com,Female,4:24 PM,Brazil,https://themeforest.net,93
dmaddinonau@vistaprint.com,Male,7:14 AM,Ukraine,http://nationalgeographic.com,292
psarfatiav@example.com,Female,9:52 AM,Indonesia,http://dropbox.com,670
boldingaw@usgs.gov,Female,8:17 AM,Palestinian Territory,https://istockphoto.com,606
jbuntineax@deviantart.com,Male,9:12 PM,Ukraine,http://nytimes.com,960
kdyshartay@independent.co.uk,Female,9:54 AM,Albania,http://wisc.edu,328
nrennocksaz@slashdot.org,Female,12:50 AM,United States,http://oracle.com,690
aloganb0@creativecommons.org,Male,5:22 PM,China,https://paginegialle.it,884
jvineallb1@netscape.com,Male,10:17 PM,China,https://usgs.gov,939
mheiningb2@ox.ac.uk,Male,7:01 AM,China,http://huffingtonpost.com,401
gheinrichb3@sciencedaily.com,Male,4:15 AM,Philippines,http://wufoo.com,600
ajovasevicb4@bloglovin.com,Female,5:50 PM,China,http://plala.or.jp,502
lslaymakerb5@ezinearticles.com,Male,12:25 PM,Zimbabwe,http://aol.com,501
brosnaub6@webs.com,Male,3:15 AM,Azerbaijan,https://wunderground.com,639
lsimoninb7@ifeng.com,Female,7:20 AM,Jamaica,http://slashdot.org,271
dmoppettb8@indiegogo.com,Female,5:41 AM,Philippines,http://tinyurl.com,382
lkirkeb9@yale.edu,Male,6:59 AM,Thailand,https://nyu.edu,501
lgouthba@github.io,Female,2:56 PM,Israel,http://reverbnation.com,917
dscottsbb@irs.gov,Female,1:37 PM,Russia,http://1und1.de,517
cwenderottbc@goodreads.com,Male,9:02 AM,Argentina,https://tiny.cc,754
jkohlermanbd@drupal.org,Male,8:27 PM,Indonesia,http://archive.org,943
achapellowbe@umich.edu,Female,8:48 AM,China,https://patch.com,566
dbullerwellbf@acquirethisname.com,Male,9:14 AM,Honduras,https://hostgator.com,454
klicencebg@liveinternet.ru,Male,10:13 PM,Canada,https://mit.edu,807
jcapnerbh@whitehouse.gov,Female,2:15 PM,Czech Republic,http://dailymotion.com,677
agumnbi@51.la,Male,5:24 AM,China,https://deliciousdays.com,164
mtonksbj@hexun.com,Male,1:59 AM,Philippines,http://sun.com,243
aerickssenbk@google.co.uk,Male,7:12 AM,Indonesia,https://example.com,985
dbentermanbl@ed.gov,Male,10:42 AM,Indonesia,https://xinhuanet.com,866
troddersbm@surveymonkey.com,Female,12:58 AM,Russia,http://fc2.com,389
kstudbn@mapy.cz,Male,4:39 AM,Brazil,http://amazon.de,136
tmacconneelybo@uiuc.edu,Male,1:54 AM,Poland,https://istockphoto.com,515
csnarebp@dion.ne.jp,Female,1:18 AM,Ukraine,http://about.me,645
kclaxtonbq@twitter.com,Male,6:31 PM,China,http://eepurl.com,855
ncowsbybr@upenn.edu,Female,6:43 PM,Czech Republic,http://nifty.com,789
bkleynermansbs@istockphoto.com,Male,9:51 AM,Sweden,https://businessinsider.com,872
yboytonbt@virginia.edu,Male,4:41 PM,Syria,http://naver.com,420
sorricebu@netvibes.com,Male,10:17 AM,United States,https://youtu.be,166
ajarlmannbv@bing.com,Male,7:28 AM,Mali,https://goo.gl,704
jcowupbw@rakuten.co.jp,Female,1:40 AM,Serbia,http://un.org,969
bsmailbx@example.com,Male,10:33 AM,Mexico,http://last.fm,758
efarronby@squarespace.com,Female,8:59 AM,Brazil,http://bloomberg.com,822
mdeniskevichbz@illinois.edu,Male,2:09 PM,Indonesia,http://mapy.cz,123
olemerlec0@csmonitor.com,Female,6:47 PM,Peru,http://xrea.com,900
fscarcec1@myspace.com,Male,4:55 PM,Ethiopia,https://google.cn,98
kduncansonc2@miitbeian.gov.cn,Female,8:21 AM,Czech Republic,https://mapy.cz,507
mpossekc3@opensource.org,Male,11:12 AM,Canada,https://wiley.com,292
dcoatsc4@apache.org,Female,7:08 PM,China,http://wordpress.com,477
aadamskic5@themeforest.net,Female,8:38 PM,Poland,http://walmart.com,795
abockc6@noaa.gov,Male,7:23 AM,Armenia,http://oaic.gov.au,298
balldrec7@hhs.gov,Female,5:37 PM,Serbia,https://hud.gov,761
bolnerc8@artisteer.com,Female,4:49 PM,Slovenia,https://xrea.com,414
bbuickc9@tumblr.com,Male,2:14 AM,Uruguay,http://exblog.jp,957
mgodleyca@mail.ru,Female,8:39 AM,China,https://state.gov,3
eclausiuscb@ovh.net,Female,9:01 AM,China,https://google.com.au,276
gmckleodcc@berkeley.edu,Male,5:33 AM,Russia,https://un.org,242
tmedfordcd@vkontakte.ru,Female,3:43 AM,Poland,http://who.int,550
wchauncece@ca.gov,Male,4:13 AM,Japan,http://unblog.fr,7
scleynaertcf@fastcompany.com,Male,11:32 PM,Indonesia,https://cocolog-nifty.com,188
jellisoncg@taobao.com,Male,10:15 PM,Brazil,https://twitter.com,708
bmourguech@themeforest.net,Female,2:01 PM,South Africa,https://noaa.gov,264
aoliveiraci@smugmug.com,Female,5:43 PM,Haiti,http://baidu.com,207
xgirardycj@cloudflare.com,Male,7:27 AM,Brazil,https://icio.us,603
bnarrawayck@nba.com,Female,7:26 AM,Vietnam,https://biblegateway.com,447
pgumbycl@t.co,Female,10:55 AM,Ukraine,https://discuz.net,959
pwhitakercm@squarespace.com,Male,4:54 PM,Niger,http://unesco.org,271
bwarlawecn@webs.com,Male,11:25 PM,Russia,http://usda.gov,893
lfitchco@google.com.br,Male,12:17 AM,Bangladesh,http://geocities.jp,497
dcorsellescp@rakuten.co.jp,Male,6:59 AM,Japan,https://flickr.com,88
jlivzeycq@wordpress.org,Male,11:55 AM,Thailand,https://xing.com,92
bmillingtoncr@pinterest.com,Male,2:31 PM,Indonesia,https://multiply.com,803
bollertoncs@ezinearticles.com,Female,7:50 PM,Argentina,http://histats.com,668
psparlingct@latimes.com,Female,2:33 PM,China,http://list-manage.com,283
acurmicu@people.com.cn,Male,7:35 AM,China,https://domainmarket.com,554
aabreheartcv@state.tx.us,Female,4:47 PM,Indonesia,http://youtu.be,771
draynorcw@mapy.cz,Female,8:35 AM,Indonesia,http://de.vu,198
ldansercx@census.gov,Male,7:55 AM,Indonesia,http://tuttocitta.it,22
lrabbagecy@skype.com,Female,10:53 PM,United States,http://ted.com,326
aocarrolcz@technorati.com,Female,3:56 AM,Japan,https://51.la,41
mbellworthyd0@mashable.com,Male,7:48 PM,Germany,http://themeforest.net,429
dtightd1@ftc.gov,Male,9:16 PM,Indonesia,https://last.fm,963
elefevred2@miibeian.gov.cn,Male,4:41 PM,China,http://mapquest.com,842
hsiviord3@washingtonpost.com,Male,1:51 PM,Indonesia,http://ning.com,997
jnancekivelld4@woothemes.com,Male,9:39 PM,China,https://yolasite.com,854
efarlhamd5@house.gov,Male,5:40 AM,Armenia,https://wordpress.org,153
rvoased6@nydailynews.com,Male,8:18 PM,France,http://homestead.com,194
eheadeyd7@senate.gov,Male,4:20 AM,Colombia,http://jigsy.com,86
tkhotlerd8@flavors.me,Male,6:43 PM,Indonesia,http://apple.com,228
mtwinnd9@chronoengine.com,Male,5:58 PM,Slovenia,http://163.com,726
bstruttmanda@people.com.cn,Female,9:52 PM,United States,http://ebay.co.uk,468
mblackleydb@microsoft.com,Male,9:12 PM,Portugal,http://oakley.com,781
bbiermandc@kickstarter.com,Female,2:24 AM,Ukraine,http://xing.com,20
mcorderydd@exblog.jp,Female,4:32 AM,Indonesia,http://guardian.co.uk,562
abrasenerde@illinois.edu,Female,11:42 PM,Poland,https://cdc.gov,735
echristoffedf@columbia.edu,Male,12:45 PM,China,https://google.de,879
bchippdg@zdnet.com,Male,11:55 PM,Peru,http://ameblo.jp,82
naluarddh@discuz.net,Male,1:49 PM,Russia,https://house.gov,460
gboogdi@admin.ch,Female,2:58 AM,Russia,http://hp.com,570
eotterwelldj@washington.edu,Female,12:46 PM,Azerbaijan,http://blog.com,472
gjosovitzdk@mashable.com,Male,9:50 AM,Bosnia and Herzegovina,http://yelp.com,182
obossondl@who.int,Male,9:05 PM,Russia,http://mac.com,54
cdepkedm@taobao.com,Female,2:40 PM,Poland,http://latimes.com,290
hmenhcidn@phoca.cz,Male,5:31 AM,Indonesia,https://photobucket.com,34
dgierokdo@google.com,Female,10:23 AM,Nepal,https://cocolog-nifty.com,257
ymccolldp@github.com,Female,10:56 PM,China,https://dailymotion.com,239
jyorstondq@php.net,Female,8:23 PM,China,https://stumbleupon.com,116
ajoselsondr@blog.com,Male,2:38 PM,Peru,https://time.com,864
adeangelods@instagram.com,Male,12:14 PM,Indonesia,http://ustream.tv,433
ejansdt@smh.com.au,Female,3:41 PM,Brazil,http://cyberchimps.com,378
epaskdu@hp.com,Female,10:01 PM,United States,http://sun.com,826
wpiochdv@networkadvertising.org,Female,5:06 AM,China,https://usnews.com,415
ngoverndw@biblegateway.com,Female,9:17 AM,Indonesia,http://yale.edu,811
cbrocklesbydx@yellowpages.com,Male,8:41 AM,Vietnam,http://boston.com,560
rwillforddy@studiopress.com,Female,10:26 AM,Poland,https://ocn.ne.jp,38
hjurickdz@webmd.com,Female,2:30 PM,Philippines,https://flickr.com,98
ageldearde0@twitpic.com,Male,6:23 AM,Portugal,http://google.co.jp,325
bkoenee1@skyrock.com,Female,1:58 AM,Palestinian Territory,http://cyberchimps.com,803
chawkere2@bloglines.com,Male,12:47 PM,Ukraine,http://shareasale.com,325
ahalsee3@princeton.edu,Female,12:21 PM,Japan,https://sciencedirect.com,20
achevaliere4@instagram.com,Male,11:41 PM,Indonesia,http://nbcnews.com,896
skitmane5@adobe.com,Female,5:14 PM,Russia,http://hhs.gov,240
sbanistere6@loc.gov,Female,4:06 PM,Argentina,http://theguardian.com,385
scalee7@foxnews.com,Female,12:23 AM,Liberia,http://lycos.com,79
cstofflere8@goo.ne.jp,Female,2:48 PM,China,http://alexa.com,12
bmackellene9@ow.ly,Male,12:16 AM,China,https://omniture.com,481
krosedaleea@newyorker.com,Female,11:19 AM,China,http://phoca.cz,912
ddikelineb@vimeo.com,Male,12:02 PM,China,http://bizjournals.com,581
rvanhaultec@cam.ac.uk,Male,2:41 AM,China,http://addthis.com,868
cbrazured@altervista.org,Male,8:40 AM,Indonesia,https://4shared.com,359
aeddoesee@ustream.tv,Female,8:19 PM,Iran,http://taobao.com,125
kcrocroftef@webmd.com,Male,2:21 PM,Portugal,https://tripadvisor.com,331
gocurrineeg@elegantthemes.com,Male,11:17 AM,Kazakhstan,http://unesco.org,347
csuarteh@oakley.com,Female,11:52 PM,Croatia,http://4shared.com,163
jguiraudei@pbs.org,Male,7:18 PM,Venezuela,https://buzzfeed.com,380
scakebreadej@marriott.com,Male,11:36 AM,Macedonia,https://howstuffworks.com,209
gburgwynek@sina.com.cn,Female,11:17 PM,Philippines,http://netvibes.com,496
nkearyel@dot.gov,Female,1:19 PM,El Salvador,https://hp.com,345
kruggieroem@skyrock.com,Female,3:36 PM,Russia,https://purevolume.com,84
bguerrinen@topsy.com,Female,1:18 PM,Philippines,http://answers.com,515
cmarfieldeo@mlb.com,Female,4:49 PM,China,http://virginia.edu,174
dsorsbyep@4shared.com,Male,9:56 PM,France,http://edublogs.org,469
blookseq@guardian.co.uk,Female,5:40 AM,United States,https://ted.com,591
aforderer@wisc.edu,Female,2:14 PM,Mexico,http://so-net.ne.jp,491
ghalahanes@lycos.com,Male,10:39 PM,United States,http://psu.edu,866
srubinowiczet@fastcompany.com,Male,7:11 AM,Brazil,http://addthis.com,537
dtorteu@redcross.org,Male,10:33 AM,China,http://hexun.com,951
fblaskettev@census.gov,Male,5:29 PM,Guatemala,http://tripadvisor.com,752
kwoolnoughew@kickstarter.com,Male,2:03 PM,China,https://squarespace.com,568
dbettlesonex@omniture.com,Female,4:20 AM,Russia,http://over-blog.com,818
sdimmneey@technorati.com,Female,5:53 AM,Indonesia,https://shutterfly.com,35
epinnigerez@lycos.com,Male,10:45 PM,South Africa,http://sfgate.com,811
msmithinf0@ucla.edu,Female,2:35 AM,United States,http://photobucket.com,499
idowbigginf1@bloomberg.com,Male,11:36 PM,China,https://uol.com.br,847
icofaxf2@devhub.com,Female,10:46 PM,China,http://timesonline.co.uk,305
aeamesf3@so-net.ne.jp,Female,8:11 AM,China,http://ask.com,620
rcawsf4@vinaora.com,Male,8:43 AM,China,https://ebay.co.uk,141
sarchibouldf5@zimbio.com,Female,12:50 PM,Indonesia,https://nps.gov,250
acawtef6@163.com,Female,5:41 PM,Brazil,https://usatoday.com,534
rhappsf7@tinypic.com,Male,3:56 AM,Sweden,http://miibeian.gov.cn,502
tsivierf8@auda.org.au,Female,6:10 AM,Indonesia,http://tiny.cc,429
cdeblasiisf9@cdbaby.com,Male,7:24 AM,United States,http://booking.com,64
tashtonhurstfa@delicious.com,Female,3:32 PM,Finland,http://tinyurl.com,807
blieberfb@blog.com,Female,5:43 PM,Philippines,http://usa.gov,515
csictornesfc@sfgate.com,Female,1:17 AM,Indonesia,https://elpais.com,181
cpiolafd@is.gd,Male,12:54 AM,Russia,http://engadget.com,589
cweakleyfe@wikipedia.org,Male,5:01 PM,Mexico,http://nymag.com,109
sodeeganff@infoseek.co.jp,Male,4:24 PM,Honduras,http://merriam-webster.com,852
fraveaufg@blogtalkradio.com,Male,12:23 AM,Kosovo,http://indiegogo.com,963
dzapatafh@addtoany.com,Male,7:34 PM,Portugal,http://linkedin.com,144
pscamadenfi@vkontakte.ru,Male,4:48 AM,Peru,http://hibu.com,846
ocopnallfj@walmart.com,Female,3:08 PM,Venezuela,https://economist.com,353
groddickfk@vk.com,Male,5:00 AM,Mexico,https://tamu.edu,491
rgiroldofl@sfgate.com,Female,7:00 PM,Sweden,https://google.es,156
gderhamfm@wired.com,Female,12:19 PM,Mozambique,http://cocolog-nifty.com,136
njustefn@seesaa.net,Female,6:36 PM,Greece,https://dmoz.org,632
aspellarfo@cocolog-nifty.com,Female,1:10 PM,Argentina,https://shareasale.com,630
salflattfp@google.nl,Male,12:40 AM,Bosnia and Herzegovina,https://cam.ac.uk,879
badrianellofq@dailymail.co.uk,Male,6:29 PM,Yemen,http://nhs.uk,395
etreasadenfr@google.ca,Male,4:43 PM,Vietnam,http://php.net,78
cfairhallfs@ameblo.jp,Female,3:16 PM,Brazil,https://wikispaces.com,749
abrotherickft@narod.ru,Male,1:12 PM,Russia,http://mediafire.com,153
hsyrattfu@studiopress.com,Male,2:14 PM,New Zealand,http://flickr.com,305
amitroshinovfv@wix.com,Female,6:20 PM,Philippines,https://t.co,476
lfellinifw@mozilla.com,Male,6:11 PM,Portugal,https://dailymail.co.uk,454
rjurriesfx@woothemes.com,Female,10:21 AM,Mongolia,http://walmart.com,526
jgounyfy@mapquest.com,Female,11:30 PM,Portugal,https://cnbc.com,403
gjarrardfz@ucla.edu,Male,4:55 AM,Tajikistan,http://cbsnews.com,935
lpessoltg0@cocolog-nifty.com,Male,12:36 AM,Brazil,https://blog.com,879
rtendahlg1@cbslocal.com,Male,9:50 PM,United States,http://ning.com,47
tsteggalsg2@ftc.gov,Male,4:16 AM,Brazil,http://geocities.jp,212
ofarmeryg3@opera.com,Male,4:22 PM,Iraq,https://discovery.com,742
bbernardg4@pbs.org,Male,8:07 PM,Russia,https://hc360.com,867
ecreightong5@shareasale.com,Female,8:03 PM,China,http://newsvine.com,264
ibunnerg6@people.com.cn,Female,12:15 AM,Poland,https://vk.com,205
kmarinig7@biglobe.ne.jp,Female,3:42 PM,China,http://gizmodo.com,809
lsloleyg8@cargocollective.com,Male,3:21 PM,Poland,https://census.gov,134
dblenkharng9@bravesites.com,Male,7:23 PM,Germany,https://smh.com.au,813
sdobsonsga@symantec.com,Female,8:05 AM,Philippines,http://istockphoto.com,871
amaccartangb@hostgator.com,Male,10:32 AM,Portugal,http://jugem.jp,757
lwaymangc@jimdo.com,Female,7:56 PM,Israel,http://forbes.com,58
frubartelligd@spiegel.de,Male,7:46 AM,China,http://prweb.com,817
pgatmange@multiply.com,Female,11:41 PM,Russia,http://mysql.com,99
sstqueningf@google.com,Female,5:34 PM,China,http://mozilla.com,278
fbuzekgg@bandcamp.com,Female,5:32 AM,Mexico,https://ihg.com,944
akordovagh@stanford.edu,Female,11:50 AM,Sweden,http://weibo.com,275
kshilstonegi@spotify.com,Male,3:00 PM,Czech Republic,https://csmonitor.com,865
dyusupovgj@admin.ch,Female,9:33 AM,Russia,http://bloglines.com,17
claistergk@yelp.com,Male,11:23 AM,Bahamas,http://vk.com,446
abuskegl@wufoo.com,Male,7:50 AM,China,http://alibaba.com,520
vjoerninggm@microsoft.com,Female,3:56 PM,Indonesia,http://house.gov,993
jsauntgn@nps.gov,Female,11:43 AM,China,https://mapquest.com,307
jyeardleygo@live.com,Female,7:05 AM,Russia,https://chicagotribune.com,215
kcoathamgp@newsvine.com,Male,2:12 AM,China,https://arstechnica.com,375
dpeotzgq@samsung.com,Female,3:45 AM,China,http://shop-pro.jp,604
ebrushfieldgr@deliciousdays.com,Male,3:52 PM,China,http://illinois.edu,119
alillymangs@fastcompany.com,Male,2:15 AM,United States,http://quantcast.com,299
asagegt@google.es,Female,6:47 AM,Russia,http://google.it,608
sbarnsdalegu@mapy.cz,Female,2:09 AM,China,https://state.tx.us,562
agrigoriscugv@flavors.me,Female,6:59 AM,China,http://ted.com,947
uclementegw@ehow.com,Female,10:04 PM,France,https://cnn.com,999
cgippsgx@bravesites.com,Male,10:35 AM,Philippines,http://xing.com,228
lcamellinigy@japanpost.jp,Female,5:01 PM,Guatemala,http://prweb.com,901
efrightgz@tripadvisor.com,Male,5:36 PM,Syria,https://1688.com,608
ccleminshawh0@craigslist.org,Male,10:01 PM,Portugal,http://ucoz.ru,315
amoineh1@microsoft.com,Female,8:10 PM,Netherlands,https://mac.com,87
kgronoush2@toplist.cz,Male,2:42 AM,China,https://freewebs.com,435
jmcnameeh3@tinyurl.com,Male,3:40 PM,Latvia,https://dailymotion.com,295
amusslewhiteh4@ycombinator.com,Female,5:40 PM,Russia,https://newyorker.com,69
dcokayneh5@theguardian.com,Male,6:42 AM,Poland,http://dagondesign.com,712
vsampeyh6@google.ru,Female,1:02 PM,Nigeria,https://google.nl,754
trydingsh7@constantcontact.com,Male,11:29 AM,Indonesia,http://google.es,972
rresunh8@storify.com,Male,5:40 PM,Argentina,http://patch.com,438
areutherh9@imgur.com,Female,4:09 AM,Philippines,https://posterous.com,861
mwarrenha@apache.org,Female,3:05 PM,Japan,https://geocities.jp,710
vlethemhb@springer.com,Male,5:31 PM,Japan,http://1688.com,27
ljochananyhc@angelfire.com,Female,11:55 PM,Czech Republic,https://hostgator.com,520
hjarradhd@home.pl,Male,9:23 PM,China,https://smh.com.au,840
ggeaveshe@nationalgeographic.com,Male,1:27 AM,United Kingdom,https://amazon.de,91
sscheuhf@globo.com,Male,1:47 AM,Bosnia and Herzegovina,http://amazon.de,841
wblethynhg@angelfire.com,Female,1:51 PM,Indonesia,https://shinystat.com,427
lblainehh@dailymail.co.uk,Male,7:06 PM,China,https://unicef.org,860
wcroutearhi@nymag.com,Female,1:44 AM,Tanzania,http://altervista.org,356
lpullingerhj@oracle.com,Female,5:07 PM,Brazil,https://booking.com,686
spittolihk@msn.com,Male,10:10 PM,Indonesia,https://loc.gov,731
pscasehl@statcounter.com,Female,1:36 PM,Ukraine,http://unblog.fr,635
ihardawayhm@cargocollective.com,Male,6:58 PM,Albania,https://creativecommons.org,267
danwylhn@hugedomains.com,Female,11:19 PM,Russia,http://slashdot.org,140
cmcgarrityho@ucoz.com,Male,5:58 PM,American Samoa,http://aol.com,60
dbuttehp@google.nl,Male,11:09 PM,Dominican Republic,http://wired.com,466
bcollopyhq@sfgate.com,Male,3:20 AM,China,http://hp.com,631
krosenfieldhr@house.gov,Male,12:46 AM,United States,https://exblog.jp,554
astaiths@google.cn,Male,4:18 AM,Myanmar,https://google.de,580
cjachimakht@homestead.com,Male,1:52 AM,Brazil,https://si.edu,897
dmanushu@patch.com,Male,9:54 AM,Ireland,https://ucoz.ru,592
ecoppenhallhv@gov.uk,Male,11:36 PM,Somalia,http://spotify.com,36
ostablerhw@ca.gov,Male,2:21 PM,Namibia,http://infoseek.co.jp,197
fberfoothx@cloudflare.com,Male,8:14 PM,China,http://liveinternet.ru,654
dcunnellhy@cocolog-nifty.com,Female,12:17 AM,Guatemala,https://soundcloud.com,557
rbascombhz@angelfire.com,Female,2:48 AM,Philippines,https://answers.com,331
bpaulei0@state.tx.us,Male,7:07 AM,China,https://prweb.com,22
nbenesevichi1@ed.gov,Male,12:12 AM,China,http://oaic.gov.au,957
ihellsdoni2@nydailynews.com,Male,2:31 PM,Myanmar,https://prlog.org,803
mtrustriei3@va.gov,Male,8:32 AM,China,http://soundcloud.com,792
jmacmakini4@netscape.com,Female,8:27 AM,China,http://china.com.cn,86
ssalasari5@irs.gov,Male,2:31 PM,Poland,https://prweb.com,413
eboutelli6@mac.com,Male,5:27 AM,Poland,https://woothemes.com,697
dsinisburyi7@addthis.com,Male,7:43 AM,Portugal,https://example.com,247
fdolani8@so-net.ne.jp,Female,4:21 AM,Iran,https://jiathis.com,799
amcclunaghani9@imgur.com,Male,4:32 PM,Uganda,https://stumbleupon.com,706
tpiburnia@paypal.com,Male,2:55 PM,Moldova,https://rambler.ru,956
norumib@nature.com,Male,11:21 PM,Philippines,http://tinyurl.com,516
bkidstonic@drupal.org,Male,4:54 AM,Ukraine,https://princeton.edu,787
rtotheid@netscape.com,Male,4:31 AM,Togo,https://is.gd,791
cbeurichie@youtube.com,Female,2:21 PM,United States,https://ovh.net,687
kyuryichevif@epa.gov,Male,1:08 AM,Indonesia,https://miibeian.gov.cn,191
amiccoig@freewebs.com,Male,7:26 AM,Togo,http://seattletimes.com,468
cskippingsih@utexas.edu,Male,10:00 PM,Russia,https://theglobeandmail.com,962
cyesinovii@utexas.edu,Male,8:57 PM,Portugal,https://icq.com,542
nputtergillij@alexa.com,Female,12:19 PM,Kazakhstan,https://dailymail.co.uk,494
bwoanik@dell.com,Male,4:36 PM,Finland,https://howstuffworks.com,960
aabdyil@scribd.com,Male,4:06 AM,China,http://harvard.edu,433
gbertenshawim@squarespace.com,Female,11:10 AM,Ethiopia,https://utexas.edu,441
nsambiedgein@google.it,Female,1:47 PM,Greece,https://reddit.com,617
kjennaroyio@live.com,Female,7:37 AM,South Africa,http://themeforest.net,194
jsigartip@reuters.com,Female,5:01 PM,China,http://samsung.com,503
fwimpennyiq@auda.org.au,Male,10:57 AM,Brazil,http://domainmarket.com,419
thurrionir@elegantthemes.com,Male,7:12 AM,Argentina,http://facebook.com,361
ktuteis@instagram.com,Female,5:09 AM,France,https://ning.com,267
ccrucettiit@wp.com,Female,10:28 PM,Mexico,http://drupal.org,357
mmaccartneyiu@livejournal.com,Female,11:25 AM,Ukraine,http://merriam-webster.com,778
cdenajeraiv@amazon.co.uk,Female,12:17 PM,China,https://elegantthemes.com,536
tbredesiw@sfgate.com,Female,6:49 AM,Czech Republic,http://ameblo.jp,978
wjoderliix@auda.org.au,Male,10:33 AM,Russia,https://uol.com.br,343
tgallimoreiy@skyrock.com,Female,12:38 PM,Jordan,https://github.com,249
lmouldsiz@zdnet.com,Female,10:10 PM,Russia,https://simplemachines.org,815
bfranssenj0@lycos.com,Male,8:21 PM,China,http://narod.ru,158
mcoilsj1@tiny.cc,Female,12:28 PM,Indonesia,http://sciencedaily.com,135
bprestedgej2@bluehost.com,Female,2:57 PM,France,https://aol.com,793
dmcgranej3@youtube.com,Male,9:15 AM,Peru,https://dot.gov,940
kberrymanj4@nifty.com,Female,10:29 AM,Argentina,https://merriam-webster.com,605
odeelayj5@github.com,Female,2:10 PM,Mozambique,http://princeton.edu,631
ceringeyj6@wikia.com,Male,1:53 AM,Albania,https://howstuffworks.com,654
rparadinj7@ning.com,Female,2:53 AM,China,http://msu.edu,107
aboswardj8@walmart.com,Male,7:55 AM,Philippines,http://state.gov,241
ldaughtreyj9@whitehouse.gov,Male,9:41 AM,Tunisia,http://accuweather.com,673
rcouthardja@marriott.com,Male,10:24 AM,Bahamas,https://xrea.com,282
xtsarjb@indiatimes.com,Female,2:50 AM,South Sudan,https://plala.or.jp,632
tmapisjc@free.fr,Female,7:33 PM,Costa Rica,http://senate.gov,279
tchartjd@storify.com,Male,12:26 AM,Indonesia,http://psu.edu,615
aliverseegeje@thetimes.co.uk,Female,12:47 AM,Thailand,https://unicef.org,514
ndicksjf@state.gov,Female,9:09 PM,France,https://posterous.com,103
cmacgilrewyjg@whitehouse.gov,Male,12:37 PM,Czech Republic,http://angelfire.com,529
gwellerjh@creativecommons.org,Female,3:56 PM,Philippines,https://icio.us,979
ctregoningji@unicef.org,Male,1:40 AM,Philippines,http://comcast.net,294
fwingattjj@huffingtonpost.com,Male,6:39 PM,Greece,http://nydailynews.com,492
tstanesbyjk@admin.ch,Female,6:09 PM,Russia,http://people.com.cn,343
emacvicarjl@google.com.hk,Male,2:24 AM,China,http://clickbank.net,360
blowdwelljm@slashdot.org,Female,7:02 PM,Indonesia,https://google.fr,749
rgornarjn@amazon.co.uk,Female,2:06 PM,China,http://yolasite.com,419
eblaxilljo@godaddy.com,Male,9:01 PM,Argentina,http://blogspot.com,350
kklehynjp@accuweather.com,Female,12:38 PM,Croatia,https://163.com,442
atutchelljq@mozilla.com,Female,4:05 PM,Kazakhstan,http://list-manage.com,880
ibornjr@businessinsider.com,Female,5:01 AM,Indonesia,http://google.ru,197
nloidljs@cloudflare.com,Female,8:35 AM,Brazil,https://newyorker.com,943
pbyartjt@shutterfly.com,Female,7:45 PM,Sweden,https://si.edu,537
aniseju@reference.com,Male,12:02 PM,Malaysia,http://rediff.com,74
rwoltersjv@php.net,Male,5:26 PM,Vietnam,https://cocolog-nifty.com,409
paceyjw@digg.com,Female,6:12 AM,Philippines,http://feedburner.com,404
jbrettorjx@edublogs.org,Male,4:41 AM,Poland,http://cargocollective.com,620
egarrowjy@ovh.net,Female,9:10 PM,Syria,https://census.gov,166
mmcentegartjz@discuz.net,Male,10:09 PM,Australia,https://bravesites.com,154
mellingsk0@ted.com,Female,8:14 PM,China,https://gmpg.org,406
ktoonk1@typepad.com,Male,8:49 AM,Indonesia,http://toplist.cz,257
hrallinshawk2@infoseek.co.jp,Male,7:04 AM,Philippines,https://qq.com,110
dbrowerk3@usatoday.com,Female,11:30 AM,Honduras,http://ed.gov,498
bhecknerk4@ibm.com,Male,9:05 PM,Indonesia,https://who.int,134
fshaperak5@timesonline.co.uk,Male,6:23 PM,United States,https://amazon.de,421
ibriandk6@usa.gov,Female,3:01 PM,Mexico,http://nbcnews.com,930
ksimonardk7@baidu.com,Female,7:23 AM,China,http://people.com.cn,89
bpartenerk8@so-net.ne.jp,Female,4:47 PM,Russia,https://youtube.com,166
lgromleyk9@upenn.edu,Female,4:43 AM,Mongolia,http://examiner.com,447
sbrockieka@huffingtonpost.com,Male,10:58 PM,Indonesia,http://topsy.com,647
tcassykb@woothemes.com,Male,2:37 AM,Bosnia and Herzegovina,https://a8.net,158
dpachtakc@harvard.edu,Male,2:21 AM,France,https://upenn.edu,665
gmillhillkd@amazon.co.jp,Male,2:24 PM,Philippines,https://pen.io,720
bprestlandke@epa.gov,Female,3:51 AM,Tanzania,https://elegantthemes.com,643
iliptrodkf@tmall.com,Female,5:33 PM,Russia,http://domainmarket.com,804
norfordkg@weebly.com,Female,12:40 PM,Brazil,http://wordpress.com,36
msudrankh@timesonline.co.uk,Female,4:55 PM,China,http://scribd.com,621
aedsellki@amazon.de,Female,1:52 PM,Brazil,http://networkadvertising.org,403
gvincentkj@usa.gov,Male,6:07 PM,China,https://theglobeandmail.com,494
idoddingkk@creativecommons.org,Male,10:56 AM,China,https://go.com,468
rwandreykl@merriam-webster.com,Female,12:19 AM,China,http://shop-pro.jp,808
kwaliszewskikm@dmoz.org,Male,7:19 PM,Poland,https://digg.com,295
dleynaghkn@youtube.com,Female,10:27 PM,Costa Rica,https://clickbank.net,916
egettyko@irs.gov,Male,2:40 AM,China,https://biblegateway.com,135
cjambrozekkp@twitpic.com,Male,3:22 PM,China,http://ibm.com,518
mnancekq@printfriendly.com,Female,12:31 AM,Tanzania,https://lycos.com,242
hgriffittskr@smh.com.au,Male,3:39 AM,United States,https://hud.gov,526
hcosgraveks@artisteer.com,Female,8:52 PM,Sudan,https://domainmarket.com,496
fmundiekt@wsj.com,Female,1:33 PM,Albania,https://pagesperso-orange.fr,215
abaseyku@barnesandnoble.com,Female,11:42 PM,Netherlands,http://symantec.com,685
spowterkv@yandex.ru,Female,5:32 AM,France,https://homestead.com,668
bskipperkw@auda.org.au,Female,2:46 AM,Brazil,http://comsenz.com,328
cwatfordkx@g.co,Female,1:43 AM,Czech Republic,https://github.com,657
ccoilsky@go.com,Male,11:07 AM,Tunisia,http://globo.com,791
bmulhollandkz@1688.com,Female,6:15 AM,China,https://drupal.org,859
nprettejohnsl0@cdc.gov,Male,7:03 AM,Russia,http://github.com,81
mabbatinil1@t.co,Female,12:41 PM,North Korea,https://jimdo.com,987
nlivzeyl2@tiny.cc,Female,12:29 PM,Gabon,http://fastcompany.com,934
gcoolahanl3@amazon.de,Male,7:12 AM,Indonesia,http://intel.com,566
dfurnissl4@google.it,Female,8:51 PM,Bosnia and Herzegovina,http://virginia.edu,210
rlopesl5@sakura.ne.jp,Female,5:34 AM,China,https://posterous.com,995
mlucial6@thetimes.co.uk,Male,1:03 PM,United States,http://mozilla.org,484
sshapcotel7@answers.com,Female,9:55 PM,Poland,https://yahoo.co.jp,335
mmordecail8@yandex.ru,Female,5:44 PM,Uzbekistan,http://craigslist.org,766
cbellingerl9@narod.ru,Female,5:26 AM,Sweden,http://si.edu,991
gattyeola@dailymotion.com,Female,11:54 PM,Peru,http://sciencedirect.com,617
egossagelb@nhs.uk,Female,11:42 AM,Philippines,http://eepurl.com,722
dlivezeylc@miibeian.gov.cn,Male,5:09 AM,Indonesia,http://ocn.ne.jp,982
kashleeld@squarespace.com,Female,2:35 AM,Indonesia,https://walmart.com,874
ljaycoxle@indiatimes.com,Male,12:37 PM,China,https://epa.gov,952
fmahonylf@163.com,Female,6:04 PM,China,http://live.com,145
dscatcharlg@usnews.com,Male,6:11 PM,Indonesia,http://gov.uk,655
mmacduffielh@ed.gov,Male,12:18 PM,Indonesia,https://taobao.com,469
ghellenli@ucoz.ru,Female,5:19 PM,Cameroon,http://ox.ac.uk,23
hbechelj@discovery.com,Male,11:47 PM,Indonesia,https://cdc.gov,870
vrubinivitzlk@nymag.com,Male,5:18 AM,China,http://1und1.de,462
pchrystalll@walmart.com,Male,11:54 AM,China,https://home.pl,14
nesomlm@homestead.com,Female,10:03 PM,Guatemala,http://jugem.jp,657
aboscottln@wp.com,Female,11:47 AM,China,https://is.gd,265
cpaddelllo@marriott.com,Male,4:12 AM,Ukraine,http://woothemes.com,885
wwolfarthlp@ezinearticles.com,Female,2:35 AM,Finland,https://bloomberg.com,773
bjeayslq@uiuc.edu,Male,6:22 PM,Russia,https://usgs.gov,296
mchallenderlr@telegraph.co.uk,Female,7:39 AM,Swaziland,http://posterous.com,71
wrannaldls@woothemes.com,Female,12:21 AM,Indonesia,https://woothemes.com,807
cgreenhalghlt@exblog.jp,Male,6:01 PM,Slovenia,https://taobao.com,326
clehrlelu@squarespace.com,Female,6:36 PM,China,http://tripod.com,591
tseggielv@blogspot.com,Male,12:47 AM,Cuba,https://opera.com,53
tmcevillylw@histats.com,Male,1:04 AM,Philippines,https://github.com,66
sdoughterylx@smugmug.com,Female,11:39 AM,Serbia,https://sakura.ne.jp,188
mscuttsly@e-recht24.de,Female,12:13 AM,China,http://vistaprint.com,453
mdorrianlz@bigcartel.com,Female,10:31 AM,China,https://aol.com,856
ndollardm0@wisc.edu,Female,7:46 PM,China,https://miibeian.gov.cn,478
hguinerym1@businessinsider.com,Male,11:06 AM,France,http://seattletimes.com,556
yjennom2@histats.com,Female,7:37 AM,China,https://usgs.gov,59
tgrahamem3@senate.gov,Male,9:26 PM,Indonesia,https://instagram.com,54
acessm4@pen.io,Male,8:36 PM,Serbia,http://china.com.cn,89
hkemmm5@vimeo.com,Female,9:48 PM,China,https://lulu.com,679
bdearem6@indiegogo.com,Female,7:25 PM,France,http://salon.com,862
sshuttem7@stanford.edu,Male,3:46 AM,Poland,https://house.gov,576
vrustem8@squidoo.com,Male,9:13 PM,Spain,http://angelfire.com,699
nlawmanm9@xrea.com,Male,1:13 PM,Ireland,http://stumbleupon.com,414
mcarneyma@digg.com,Male,10:15 PM,China,http://angelfire.com,3
cdattemb@ftc.gov,Female,8:51 PM,Tanzania,http://macromedia.com,516
wleveemc@huffingtonpost.com,Female,1:27 PM,China,http://deviantart.com,308
cbinfieldmd@slideshare.net,Male,1:45 AM,Trinidad and Tobago,https://lycos.com,157
whayleyme@360.cn,Female,5:08 PM,Philippines,http://weather.com,325
fhazartmf@uol.com.br,Female,3:37 PM,China,http://goo.ne.jp,226
tgwilliammg@live.com,Female,8:26 AM,China,http://blogspot.com,480
acasbournemh@cmu.edu,Female,10:34 AM,Portugal,http://chronoengine.com,257
bthornallymi@furl.net,Female,8:13 PM,China,http://homestead.com,170
itollfreemj@netvibes.com,Male,10:00 AM,China,https://springer.com,830
dbrizellmk@themeforest.net,Male,9:31 PM,Colombia,http://dailymail.co.uk,69
arevieml@cargocollective.com,Female,5:15 PM,Guam,http://smugmug.com,499
thobsonmm@de.vu,Female,10:49 AM,Philippines,http://google.nl,929
mwesleymn@msn.com,Female,5:14 PM,China,https://alexa.com,93
ntuerenamo@auda.org.au,Male,3:34 PM,Philippines,http://japanpost.jp,771
jodochertymp@macromedia.com,Male,12:53 PM,Spain,https://bbc.co.uk,849
steasemq@ifeng.com,Female,1:55 AM,Sweden,https://smh.com.au,660
dhassenmr@google.ru,Female,7:17 AM,Japan,https://wp.com,157
cgianninims@furl.net,Male,8:01 AM,China,https://soup.io,209
jkochsmt@forbes.com,Female,4:46 AM,China,http://va.gov,486
kdashmu@smh.com.au,Male,2:35 PM,Brazil,https://techcrunch.com,911
pveneurmv@columbia.edu,Male,6:33 AM,New Zealand,http://tuttocitta.it,501
nbransonmw@macromedia.com,Male,7:28 PM,Dominican Republic,http://hp.com,687
mhaddymx@ameblo.jp,Female,5:47 AM,China,http://bbc.co.uk,438
omaseresmy@imdb.com,Female,8:33 AM,Colombia,http://feedburner.com,801
ttinlinemz@time.com,Male,3:11 PM,Finland,http://com.com,312
ytwitchettn0@cbsnews.com,Female,11:17 AM,China,https://umn.edu,544
pgolbyn1@usgs.gov,Female,3:32 AM,Canada,http://noaa.gov,595
kizzardn2@nytimes.com,Female,4:08 PM,France,https://cdbaby.com,323
sglennn3@narod.ru,Female,4:44 AM,Russia,https://google.ru,320
ptaconn4@sina.com.cn,Female,7:07 PM,Indonesia,https://princeton.edu,182
cwixn5@independent.co.uk,Female,4:17 PM,Mongolia,http://bloglovin.com,69
sblanchn6@berkeley.edu,Male,8:25 AM,Brazil,http://ocn.ne.jp,277
ihallowesn7@mit.edu,Female,7:02 PM,Norway,http://imageshack.us,245
dwhalen8@about.me,Male,6:08 PM,Indonesia,http://51.la,1
tserrailliern9@smh.com.au,Female,10:30 AM,Russia,http://homestead.com,436
lstigersna@usgs.gov,Male,4:11 PM,Argentina,https://histats.com,763
ogamesonnb@miitbeian.gov.cn,Female,2:34 AM,Indonesia,https://vk.com,694
eourrync@wisc.edu,Male,4:46 AM,Comoros,https://marriott.com,352
tswindlehurstnd@newyorker.com,Male,3:04 AM,Netherlands,https://army.mil,301
zbranniganne@thetimes.co.uk,Male,10:47 PM,China,http://eepurl.com,718
gdeanenf@fotki.com,Female,9:25 PM,United States,https://shutterfly.com,673
gbullionng@dailymail.co.uk,Male,2:51 AM,Kenya,http://behance.net,731
otroynh@google.fr,Female,8:27 PM,France,http://quantcast.com,999
qdaybellni@scribd.com,Female,6:33 AM,China,https://huffingtonpost.com,984
hscroggsnj@skyrock.com,Male,5:21 PM,Indonesia,http://wikia.com,382
mschultznk@dell.com,Male,3:18 AM,China,http://businessweek.com,171
hnolleaunl@biglobe.ne.jp,Female,3:23 PM,Indonesia,https://berkeley.edu,545
lwrintmorenm@telegraph.co.uk,Male,3:02 AM,Japan,http://example.com,2
dradkinn@berkeley.edu,Male,5:25 PM,Philippines,http://hp.com,392
cwiddisonno@hud.gov,Female,8:12 PM,China,http://flickr.com,106
fstollernp@tiny.cc,Male,7:11 PM,Russia,https://youtube.com,181
dmccreanq@seesaa.net,Female,4:24 AM,Comoros,http://comcast.net,174
cbugdalenr@phpbb.com,Female,3:22 AM,United States,http://ebay.co.uk,50
rbanbrickns@google.fr,Female,2:20 AM,Indonesia,https://vistaprint.com,872
bdreint@npr.org,Female,4:29 AM,Russia,http://t-online.de,585
sevisonnu@tamu.edu,Female,2:44 PM,Denmark,https://spotify.com,59
cwindowsnv@nyu.edu,Male,3:20 AM,Netherlands,http://photobucket.com,821
smouthnw@hostgator.com,Female,2:23 AM,Indonesia,http://nih.gov,851
kgibbnx@mit.edu,Male,11:49 AM,Bhutan,http://ebay.com,166
nlealny@pinterest.com,Female,8:25 PM,China,http://blog.com,926
gkulvearnz@nifty.com,Female,9:40 PM,Mongolia,http://theguardian.com,468
narbuckleo0@fastcompany.com,Male,2:59 PM,Indonesia,http://usa.gov,596
adockeryo1@xinhuanet.com,Female,4:45 PM,Ukraine,https://sphinn.com,991
gpricketto2@homestead.com,Male,8:26 PM,China,https://uol.com.br,402
nsutherelo3@mit.edu,Male,7:19 PM,Portugal,http://google.ru,884
mslocketo4@uol.com.br,Male,1:11 PM,Canada,http://google.nl,686
abonuso5@tamu.edu,Female,2:33 PM,China,http://t.co,264
hvenarto6@histats.com,Female,5:32 PM,Philippines,https://ca.gov,781
agarriqueo7@jiathis.com,Female,10:42 PM,Indonesia,https://quantcast.com,224
adrengo8@engadget.com,Male,6:50 PM,Morocco,https://twitpic.com,564
mclincho9@wired.com,Female,7:16 AM,China,http://weibo.com,3
jpetriellooa@1688.com,Female,6:44 PM,Brazil,https://java.com,200
kveldensob@friendfeed.com,Female,10:08 PM,China,http://slashdot.org,23
ccoulingoc@archive.org,Male,9:31 AM,Sweden,http://ifeng.com,368
amccuisod@zimbio.com,Male,5:21 PM,Armenia,http://free.fr,150
ckarmeloe@marriott.com,Female,9:42 AM,Colombia,https://instagram.com,951
lbonnysonof@fda.gov,Female,4:47 PM,Indonesia,https://sfgate.com,385
ndeareog@cyberchimps.com,Female,4:18 AM,Slovenia,http://sitemeter.com,254
hreddelloh@sakura.ne.jp,Female,5:57 AM,Brazil,https://tripod.com,226
cklimkovoi@sbwire.com,Female,2:53 PM,Indonesia,https://themeforest.net,885
rocarmodyoj@jimdo.com,Female,7:19 PM,Poland,https://ning.com,339
bgirdwoodok@gmpg.org,Male,12:33 AM,Guatemala,https://vistaprint.com,599
bmccartol@qq.com,Male,5:44 AM,China,https://ebay.com,290
fstopsom@drupal.org,Female,1:32 AM,South Africa,https://e-recht24.de,115
norretton@histats.com,Male,11:56 PM,France,http://pinterest.com,661
psimecekoo@myspace.com,Male,2:18 AM,Armenia,http://deviantart.com,988
dgarlicop@washingtonpost.com,Male,3:49 PM,Morocco,https://surveymonkey.com,633
naberhartoq@prnewswire.com,Male,8:15 PM,Azerbaijan,http://google.com.au,470
fgorvinor@macromedia.com,Male,8:27 AM,China,http://woothemes.com,810
lhallawellos@state.tx.us,Male,10:35 PM,Thailand,http://scientificamerican.com,868
tgodberot@ning.com,Male,4:33 AM,Angola,http://wp.com,47
ethorouggoodou@latimes.com,Female,2:22 PM,China,https://moonfruit.com,757
mreederov@pagesperso-orange.fr,Female,6:40 PM,China,http://wp.com,880
spauow@seattletimes.com,Male,10:05 AM,Colombia,https://cbsnews.com,794
mackermanox@ft.com,Male,9:10 PM,Iran,https://cargocollective.com,513
astreakoy@yellowbook.com,Female,8:13 AM,China,http://i2i.jp,205
gbrewettoz@yolasite.com,Male,5:33 AM,China,http://cdbaby.com,138
sugolottip0@paypal.com,Male,12:45 AM,China,http://webeden.co.uk,975
obrackstonep1@com.com,Female,5:59 PM,China,https://amazonaws.com,244
atruranp2@jugem.jp,Female,6:14 PM,Portugal,http://comsenz.com,511
mmathieup3@diigo.com,Male,7:36 AM,China,https://dedecms.com,715
gtredinnickp4@redcross.org,Male,7:54 PM,Russia,http://unesco.org,450
mgaylordp5@cdbaby.com,Female,8:48 AM,China,http://npr.org,766
jgallihawkp6@surveymonkey.com,Male,9:42 PM,Thailand,https://wordpress.org,392
mmillwaterp7@elpais.com,Male,11:08 AM,Sweden,http://nps.gov,850
rburroughesp8@cpanel.net,Male,8:21 AM,Cuba,https://wordpress.org,783
fbraistedp9@php.net,Female,11:48 PM,Hungary,http://hhs.gov,478
edengelpa@miibeian.gov.cn,Male,6:47 PM,South Africa,https://phpbb.com,272
kgalifordpb@google.ca,Male,10:07 AM,Mexico,https://51.la,333
mmaclisepc@list-manage.com,Female,12:03 PM,Indonesia,http://who.int,156
crousepd@washingtonpost.com,Female,7:36 PM,Philippines,http://jimdo.com,868
jclemotpe@delicious.com,Female,5:52 AM,Greece,https://ucoz.com,532
dkleuerpf@cornell.edu,Female,2:39 AM,Afghanistan,http://oaic.gov.au,895
nconeybeerpg@simplemachines.org,Male,9:39 AM,Iceland,https://eventbrite.com,76
bbunchph@irs.gov,Male,9:02 AM,Croatia,http://npr.org,508
kchauncepi@delicious.com,Male,3:37 AM,Indonesia,http://unblog.fr,329
hcristoforpj@nifty.com,Female,1:02 PM,Japan,http://ow.ly,359
mdulieupk@ft.com,Male,5:03 PM,Indonesia,https://google.com.au,259
srelphpl@examiner.com,Female,9:40 AM,Vietnam,http://surveymonkey.com,215
gbougheypm@hubpages.com,Female,2:26 PM,China,https://drupal.org,38
admisekpn@xrea.com,Male,4:48 PM,Russia,http://cdbaby.com,784
tskeermorpo@privacy.gov.au,Female,2:23 PM,Thailand,http://constantcontact.com,63
acairneypp@studiopress.com,Male,7:42 PM,China,http://t.co,607
dhulkpq@edublogs.org,Male,7:00 PM,Portugal,https://wikimedia.org,332
apigrampr@bravesites.com,Female,8:32 AM,Mexico,http://bluehost.com,15
ssetchps@artisteer.com,Male,6:49 PM,China,http://ft.com,786
kcordlept@noaa.gov,Female,2:43 AM,Russia,https://washington.edu,880
jhoggettspu@chicagotribune.com,Male,3:33 PM,Philippines,https://patch.com,810
irosenbargpv@yelp.com,Male,8:56 AM,China,https://ox.ac.uk,763
averzeypw@apple.com,Female,4:54 PM,Russia,http://cocolog-nifty.com,497
acurtispx@unc.edu,Female,11:48 AM,Poland,http://jimdo.com,836
dgravenorpy@wisc.edu,Male,7:22 PM,South Africa,https://archive.org,709
ctalkingtonpz@cmu.edu,Female,7:25 PM,Poland,http://cbslocal.com,982
sstilgoq0@theguardian.com,Male,11:05 AM,China,https://europa.eu,109
adalesioq1@bing.com,Female,6:44 PM,China,https://narod.ru,637
cdunkleyq2@mashable.com,Male,7:12 AM,Libya,http://qq.com,331
hdegliabbatiq3@pbs.org,Female,6:46 PM,Morocco,https://dell.com,361
mscampq4@bluehost.com,Female,2:55 AM,Russia,https://example.com,662
ljillettq5@feedburner.com,Male,11:08 AM,Paraguay,http://blogspot.com,453
kodohertyq6@github.io,Male,8:55 AM,Indonesia,https://topsy.com,610
wrapinq7@vistaprint.com,Male,9:42 AM,Burkina Faso,http://soundcloud.com,187
dwormellq8@jimdo.com,Male,4:32 PM,China,https://ed.gov,141
wciccottiq9@nyu.edu,Female,3:48 PM,Bolivia,http://issuu.com,105
dpuntqa@seattletimes.com,Male,5:11 AM,Canada,http://cbslocal.com,744
lgrigorievqb@i2i.jp,Female,12:39 AM,China,https://goodreads.com,184
jsapsfordeqc@qq.com,Female,6:51 AM,Indonesia,http://tamu.edu,688
spostillqd@pagesperso-orange.fr,Female,5:00 PM,China,https://php.net,247
bsiegeqe@nature.com,Male,11:00 AM,Ireland,http://webs.com,695
cnorvilleqf@omniture.com,Male,9:12 AM,Indonesia,https://google.nl,792
amorillaqg@jiathis.com,Male,2:39 PM,Tanzania,http://lycos.com,849
ssarvarqh@shinystat.com,Male,8:03 PM,Guinea,https://seesaa.net,459
wmurrowqi@admin.ch,Male,9:02 AM,Brazil,https://merriam-webster.com,911
mrathborneqj@kickstarter.com,Female,2:28 AM,Indonesia,http://sphinn.com,253
ptanmanqk@java.com,Male,4:41 AM,Indonesia,http://comcast.net,862
acumpstyql@utexas.edu,Female,5:34 PM,Sweden,http://hibu.com,133
jhenriqm@google.cn,Male,2:58 AM,United States,http://omniture.com,235
eclouttqn@imgur.com,Female,10:12 PM,Russia,http://webmd.com,598
bwhykeqo@eventbrite.com,Female,5:58 PM,United States,https://earthlink.net,408
dnaerupqp@delicious.com,Male,8:35 AM,Thailand,http://census.gov,757
vsenescallqq@macromedia.com,Female,4:35 AM,Russia,http://icio.us,289
hbrabenqr@amazon.co.uk,Female,2:07 AM,Peru,https://shutterfly.com,457
ddehoogeqs@addtoany.com,Male,4:16 AM,China,https://chron.com,167
apetracekqt@unicef.org,Male,4:53 AM,Poland,http://cornell.edu,350
lcapnerhurstqu@admin.ch,Male,10:23 PM,Poland,http://lulu.com,351
gscrubyqv@home.pl,Female,5:12 AM,China,https://eventbrite.com,489
jhamshereqw@blogger.com,Female,12:52 PM,China,http://xing.com,821
hakidqx@army.mil,Male,3:13 PM,Iran,https://sina.com.cn,734
ehumbleqy@wordpress.org,Male,12:49 AM,Turkmenistan,http://earthlink.net,785
mcompfortqz@seesaa.net,Female,3:50 PM,China,http://mozilla.com,123
ljirasekr0@studiopress.com,Female,12:09 AM,Indonesia,http://instagram.com,78
yparmleyr1@unicef.org,Male,2:37 AM,Sweden,https://netlog.com,644
mwellbankr2@jigsy.com,Female,1:06 AM,Philippines,https://nytimes.com,461
jpellattr3@technorati.com,Male,1:31 PM,Czech Republic,https://house.gov,179
ashorbrookr4@geocities.com,Male,4:13 AM,China,http://posterous.com,193
mmawner5@purevolume.com,Female,4:30 PM,Indonesia,http://sciencedaily.com,839
ffeiger6@about.me,Female,12:38 PM,China,https://newsvine.com,46
dkingsnorthr7@virginia.edu,Female,11:07 PM,Vietnam,http://google.com.au,881
cpragnellr8@addthis.com,Male,10:56 PM,China,http://oaic.gov.au,389
akonigr9@nifty.com,Male,11:55 PM,Brazil,http://discovery.com,187
gmielnikra@mozilla.org,Female,5:03 AM,Indonesia,https://weebly.com,118
rtabourierrb@miibeian.gov.cn,Female,8:22 PM,France,https://newsvine.com,956
medonrc@goo.gl,Female,3:22 PM,South Korea,http://mozilla.com,160
mcratchleyrd@wikipedia.org,Male,8:16 PM,Spain,http://networksolutions.com,627
ashetliffre@msu.edu,Male,6:16 PM,France,http://bigcartel.com,253
rmilkehamrf@wordpress.com,Male,5:06 AM,Indonesia,https://hp.com,283
gsowdenrg@salon.com,Female,2:42 PM,Philippines,http://rakuten.co.jp,141
mwigginrh@eepurl.com,Female,4:31 PM,China,https://pcworld.com,182
kcarnilianri@ow.ly,Male,4:08 AM,Russia,https://google.nl,516
sohallaganrj@microsoft.com,Female,8:59 PM,Trinidad and Tobago,http://psu.edu,770
akinneirrk@topsy.com,Male,8:20 AM,France,https://alibaba.com,212
fskerrittrl@altervista.org,Male,9:37 PM,South Africa,https://joomla.org,827
apesekrm@hubpages.com,Male,4:13 AM,United States,http://kickstarter.com,218
rminghettirn@youtu.be,Male,5:58 AM,Chile,http://vistaprint.com,645
mjakoro@prweb.com,Female,11:04 PM,Indonesia,http://naver.com,405
jruprichrp@networkadvertising.org,Male,12:09 AM,China,https://friendfeed.com,136
jdehmelrq@123-reg.co.uk,Male,6:56 PM,China,https://ft.com,744
cgillimghamrr@unesco.org,Male,4:28 AM,Russia,https://cbslocal.com,994
